timestamp,mains_power_kw,hvac_kw,lighting_kw,kitchen_kw,electronics_kw,unmetered_other_kw
2011-04-18T00:00:00,0.474,0.0,0.052,0.201,0.095,0.126
2011-04-18T00:15:00,0.457,0.0,0.025,0.217,0.109,0.106
2011-04-18T00:30:00,0.375,0.0,0.046,0.144,0.098,0.087
2011-04-18T00:45:00,0.316,0.0,0.023,0.138,0.063,0.092
2011-04-18T01:00:00,0.47,0.0,0.031,0.217,0.084,0.138
2011-04-18T01:15:00,0.333,0.0,0.01,0.155,0.082,0.086
2011-04-18T01:30:00,0.321,0.0,0.031,0.1,0.096,0.094
2011-04-18T01:45:00,0.401,0.0,0.047,0.198,0.104,0.052
2011-04-18T02:00:00,0.432,0.0,0.042,0.159,0.128,0.103
2011-04-18T02:15:00,0.344,0.0,0.025,0.124,0.115,0.08
2011-04-18T02:30:00,0.346,0.0,0.05,0.168,0.084,0.044
2011-04-18T02:45:00,0.459,0.0,0.018,0.199,0.091,0.151
2011-04-18T03:00:00,0.347,0.0,0.025,0.133,0.114,0.075
2011-04-18T03:15:00,0.32,0.0,0.01,0.119,0.086,0.105
2011-04-18T03:30:00,0.342,0.0,0.044,0.194,0.05,0.054
2011-04-18T03:45:00,0.408,0.0,0.021,0.174,0.081,0.132
2011-04-18T04:00:00,0.331,0.0,0.035,0.115,0.08,0.101
2011-04-18T04:15:00,0.389,0.0,0.034,0.219,0.093,0.043
2011-04-18T04:30:00,0.392,0.0,0.03,0.228,0.075,0.059
2011-04-18T04:45:00,0.263,0.0,0.036,0.123,0.071,0.033
2011-04-18T05:00:00,0.355,0.0,0.045,0.165,0.08,0.065
2011-04-18T05:15:00,0.475,0.0,0.028,0.233,0.067,0.147
2011-04-18T05:30:00,0.624,0.337,0.041,0.105,0.121,0.02
2011-04-18T05:45:00,0.27,0.0,0.033,0.113,0.104,0.02
2011-04-18T06:00:00,0.354,0.0,0.042,0.206,0.054,0.052
2011-04-18T06:15:00,0.347,0.0,0.025,0.166,0.087,0.069
2011-04-18T06:30:00,0.36,0.0,0.051,0.115,0.113,0.081
2011-04-18T06:45:00,0.379,0.0,0.043,0.192,0.103,0.041
2011-04-18T07:00:00,0.409,0.0,0.013,0.202,0.094,0.1
2011-04-18T07:15:00,0.308,0.0,0.027,0.114,0.089,0.078
2011-04-18T07:30:00,0.298,0.0,0.015,0.17,0.076,0.037
2011-04-18T07:45:00,1.139,0.0,0.01,0.971,0.065,0.093
2011-04-18T08:00:00,0.327,0.0,0.026,0.123,0.092,0.086
2011-04-18T08:15:00,0.349,0.0,0.057,0.119,0.096,0.077
2011-04-18T08:30:00,0.372,0.0,0.044,0.193,0.103,0.032
2011-04-18T08:45:00,0.385,0.0,0.03,0.167,0.106,0.082
2011-04-18T09:00:00,0.303,0.0,0.039,0.111,0.103,0.05
2011-04-18T09:15:00,0.358,0.0,0.043,0.218,0.057,0.04
2011-04-18T09:30:00,0.385,0.0,0.054,0.193,0.062,0.076
2011-04-18T09:45:00,0.367,0.0,0.047,0.142,0.109,0.069
2011-04-18T10:00:00,0.435,0.0,0.073,0.145,0.109,0.108
2011-04-18T10:15:00,0.413,0.0,0.053,0.211,0.074,0.075
2011-04-18T10:30:00,0.368,0.0,0.01,0.114,0.074,0.17
2011-04-18T10:45:00,0.417,0.0,0.033,0.131,0.093,0.16
2011-04-18T11:00:00,0.389,0.0,0.051,0.223,0.062,0.053
2011-04-18T11:15:00,0.307,0.0,0.026,0.158,0.077,0.046
2011-04-18T11:30:00,1.934,1.61,0.01,0.112,0.102,0.1
2011-04-18T11:45:00,0.384,0.0,0.031,0.199,0.086,0.068
2011-04-18T12:00:00,0.442,0.0,0.018,0.222,0.104,0.098
2011-04-18T12:15:00,1.569,1.353,0.01,0.103,0.068,0.035
2011-04-18T12:30:00,2.847,1.333,0.028,1.2730000000000001,0.112,0.101
2011-04-18T12:45:00,3.317,1.451,0.052,1.579,0.137,0.098
2011-04-18T13:00:00,0.337,0.0,0.045,0.133,0.084,0.075
2011-04-18T13:15:00,2.407,2.028,0.044,0.123,0.115,0.097
2011-04-18T13:30:00,2.015,1.637,0.034,0.216,0.079,0.049
2011-04-18T13:45:00,2.173,1.829,0.01,0.175,0.089,0.07
2011-04-18T14:00:00,0.338,0.0,0.056,0.099,0.126,0.057
2011-04-18T14:15:00,2.014,1.549,0.027,0.217,0.116,0.105
2011-04-18T14:30:00,1.854,1.507,0.02,0.172,0.111,0.044
2011-04-18T14:45:00,0.328,0.0,0.036,0.122,0.133,0.037
2011-04-18T15:00:00,0.408,0.0,0.069,0.166,0.111,0.062
2011-04-18T15:15:00,1.235,0.671,0.046,0.239,0.147,0.132
2011-04-18T15:30:00,0.418,0.0,0.045,0.125,0.185,0.063
2011-04-18T15:45:00,2.358,1.947,0.023,0.134,0.184,0.07
2011-04-18T16:00:00,0.552,0.0,0.086,0.218,0.197,0.051
2011-04-18T16:15:00,2.474,1.923,0.072,0.176,0.197,0.106
2011-04-18T16:30:00,2.029,1.525,0.096,0.112,0.233,0.063
2011-04-18T16:45:00,2.376,1.811,0.114,0.218,0.181,0.052
2011-04-18T17:00:00,0.539,0.0,0.07,0.174,0.202,0.093
2011-04-18T17:15:00,2.269,1.718,0.134,0.101,0.247,0.069
2011-04-18T17:30:00,2.413,1.766,0.158,0.163,0.273,0.053
2011-04-18T17:45:00,0.676,0.0,0.136,0.197,0.256,0.087
2011-04-18T18:00:00,2.35,1.697,0.212,0.11,0.234,0.097
2011-04-18T18:15:00,0.734,0.0,0.228,0.153,0.249,0.104
2011-04-18T18:30:00,2.516,1.727,0.228,0.222,0.256,0.083
2011-04-18T18:45:00,0.84,0.0,0.31,0.128,0.295,0.107
2011-04-18T19:00:00,1.925,0.0,0.312,1.259,0.293,0.061
2011-04-18T19:15:00,0.915,0.0,0.332,0.207,0.284,0.092
2011-04-18T19:30:00,1.975,0.0,0.361,1.287,0.284,0.043
2011-04-18T19:45:00,1.908,0.0,0.357,1.299,0.222,0.03
2011-04-18T20:00:00,1.557,0.0,0.371,0.885,0.235,0.066
2011-04-18T20:15:00,0.892,0.0,0.341,0.2,0.257,0.094
2011-04-18T20:30:00,0.845,0.0,0.384,0.128,0.251,0.082
2011-04-18T20:45:00,0.844,0.0,0.362,0.138,0.282,0.062
2011-04-18T21:00:00,0.851,0.0,0.348,0.213,0.266,0.024
2011-04-18T21:15:00,0.833,0.0,0.359,0.163,0.251,0.06
2011-04-18T21:30:00,0.841,0.0,0.377,0.1,0.248,0.116
2011-04-18T21:45:00,0.873,0.0,0.326,0.213,0.229,0.105
2011-04-18T22:00:00,0.858,0.0,0.36,0.199,0.22,0.079
2011-04-18T22:15:00,0.716,0.0,0.325,0.104,0.201,0.086
2011-04-18T22:30:00,0.769,0.0,0.353,0.151,0.204,0.061
2011-04-18T22:45:00,0.802,0.0,0.309,0.229,0.168,0.096
2011-04-18T23:00:00,0.707,0.0,0.274,0.14,0.202,0.091
2011-04-18T23:15:00,0.569,0.0,0.254,0.117,0.163,0.035
2011-04-18T23:30:00,1.334,0.722,0.195,0.202,0.159,0.056
2011-04-18T23:45:00,0.625,0.0,0.182,0.175,0.134,0.134
2011-04-19T00:00:00,0.739,0.431,0.026,0.13,0.064,0.088
2011-04-19T00:15:00,0.412,0.0,0.019,0.195,0.086,0.112
2011-04-19T00:30:00,0.354,0.0,0.035,0.141,0.088,0.09
2011-04-19T00:45:00,0.275,0.0,0.028,0.112,0.085,0.05
2011-04-19T01:00:00,0.509,0.0,0.057,0.232,0.121,0.099
2011-04-19T01:15:00,0.364,0.0,0.036,0.143,0.087,0.098
2011-04-19T01:30:00,0.316,0.0,0.037,0.092,0.076,0.111
2011-04-19T01:45:00,0.406,0.0,0.027,0.169,0.104,0.106
2011-04-19T02:00:00,0.388,0.0,0.056,0.19,0.092,0.05
2011-04-19T02:15:00,0.344,0.0,0.01,0.106,0.13,0.098
2011-04-19T02:30:00,0.377,0.0,0.01,0.148,0.093,0.126
2011-04-19T02:45:00,0.332,0.0,0.01,0.209,0.078,0.035
2011-04-19T03:00:00,0.88,0.547,0.03,0.119,0.101,0.083
2011-04-19T03:15:00,0.326,0.0,0.01,0.134,0.101,0.081
2011-04-19T03:30:00,0.326,0.0,0.01,0.217,0.05,0.049
2011-04-19T03:45:00,0.373,0.0,0.044,0.165,0.098,0.066
2011-04-19T04:00:00,0.297,0.0,0.041,0.096,0.066,0.094
2011-04-19T04:15:00,0.443,0.0,0.01,0.203,0.093,0.137
2011-04-19T04:30:00,0.41,0.0,0.044,0.192,0.097,0.077
2011-04-19T04:45:00,0.371,0.0,0.061,0.125,0.102,0.083
2011-04-19T05:00:00,0.387,0.0,0.073,0.175,0.074,0.065
2011-04-19T05:15:00,0.383,0.0,0.034,0.202,0.127,0.02
2011-04-19T05:30:00,0.889,0.565,0.036,0.142,0.071,0.075
2011-04-19T05:45:00,0.252,0.0,0.028,0.12,0.05,0.054
2011-04-19T06:00:00,0.491,0.0,0.064,0.216,0.101,0.11
2011-04-19T06:15:00,0.28,0.0,0.041,0.136,0.073,0.03
2011-04-19T06:30:00,0.247,0.0,0.011,0.123,0.066,0.047
2011-04-19T06:45:00,1.231,0.792,0.047,0.19,0.105,0.097
2011-04-19T07:00:00,0.327,0.0,0.018,0.164,0.071,0.074
2011-04-19T07:15:00,0.345,0.0,0.042,0.117,0.098,0.088
2011-04-19T07:30:00,0.347,0.0,0.01,0.152,0.086,0.099
2011-04-19T07:45:00,1.05,0.0,0.028,0.893,0.07,0.059
2011-04-19T08:00:00,0.362,0.0,0.079,0.134,0.058,0.091
2011-04-19T08:15:00,0.299,0.0,0.01,0.165,0.05,0.074
2011-04-19T08:30:00,0.438,0.0,0.035,0.218,0.124,0.061
2011-04-19T08:45:00,0.385,0.0,0.053,0.147,0.111,0.074
2011-04-19T09:00:00,0.355,0.0,0.025,0.117,0.096,0.117
2011-04-19T09:15:00,0.381,0.0,0.052,0.193,0.097,0.039
2011-04-19T09:30:00,0.906,0.382,0.039,0.202,0.102,0.181
2011-04-19T09:45:00,0.326,0.0,0.018,0.089,0.096,0.123
2011-04-19T10:00:00,0.345,0.0,0.014,0.156,0.113,0.062
2011-04-19T10:15:00,0.397,0.0,0.034,0.199,0.089,0.075
2011-04-19T10:30:00,0.323,0.0,0.01,0.134,0.109,0.07
2011-04-19T10:45:00,0.289,0.0,0.01,0.134,0.059,0.086
2011-04-19T11:00:00,0.403,0.0,0.034,0.212,0.073,0.084
2011-04-19T11:15:00,1.099,0.712,0.01,0.17,0.087,0.12
2011-04-19T11:30:00,0.375,0.0,0.025,0.11,0.114,0.126
2011-04-19T11:45:00,1.904,1.468,0.01,0.201,0.112,0.113
2011-04-19T12:00:00,2.422,2.031,0.055,0.184,0.077,0.075
2011-04-19T12:15:00,2.905,1.785,0.048,0.902,0.085,0.085
2011-04-19T12:30:00,2.481,1.463,0.039,0.8390000000000001,0.081,0.059
2011-04-19T12:45:00,0.954,0.558,0.034,0.21,0.09,0.062
2011-04-19T13:00:00,1.652,1.292,0.019,0.116,0.101,0.124
2011-04-19T13:15:00,2.176,1.798,0.01,0.164,0.106,0.098
2011-04-19T13:30:00,1.642,1.22,0.073,0.193,0.104,0.052
2011-04-19T13:45:00,0.437,0.0,0.043,0.137,0.144,0.113
2011-04-19T14:00:00,1.663,1.322,0.028,0.129,0.099,0.085
2011-04-19T14:15:00,1.173,0.661,0.04,0.197,0.154,0.121
2011-04-19T14:30:00,0.413,0.0,0.051,0.195,0.103,0.064
2011-04-19T14:45:00,0.342,0.0,0.059,0.103,0.115,0.065
2011-04-19T15:00:00,0.441,0.0,0.068,0.139,0.142,0.092
2011-04-19T15:15:00,0.551,0.0,0.05,0.204,0.204,0.093
2011-04-19T15:30:00,2.422,2.046,0.022,0.13,0.151,0.073
2011-04-19T15:45:00,1.695,1.322,0.043,0.131,0.172,0.027
2011-04-19T16:00:00,0.489,0.0,0.057,0.209,0.117,0.106
2011-04-19T16:15:00,2.136,1.644,0.052,0.179,0.195,0.066
2011-04-19T16:30:00,2.253,1.738,0.065,0.096,0.194,0.16
2011-04-19T16:45:00,2.177,1.732,0.015,0.161,0.225,0.044
2011-04-19T17:00:00,0.656,0.0,0.128,0.184,0.249,0.095
2011-04-19T17:15:00,1.943,1.453,0.113,0.087,0.215,0.075
2011-04-19T17:30:00,1.871,1.268,0.177,0.119,0.207,0.1
2011-04-19T17:45:00,2.046,1.278,0.192,0.23,0.28,0.066
2011-04-19T18:00:00,0.696,0.0,0.213,0.133,0.24,0.11
2011-04-19T18:15:00,2.655,1.911,0.278,0.121,0.256,0.089
2011-04-19T18:30:00,2.545,1.807,0.254,0.202,0.24,0.042
2011-04-19T18:45:00,1.458,0.0,0.35,0.8009999999999999,0.252,0.055
2011-04-19T19:00:00,1.736,0.0,0.318,1.121,0.239,0.058
2011-04-19T19:15:00,0.856,0.0,0.296,0.203,0.264,0.093
2011-04-19T19:30:00,1.579,0.0,0.332,0.8979999999999999,0.256,0.093
2011-04-19T19:45:00,0.837,0.0,0.358,0.097,0.283,0.099
2011-04-19T20:00:00,1.299,0.531,0.325,0.158,0.228,0.057
2011-04-19T20:15:00,0.892,0.0,0.363,0.193,0.267,0.069
2011-04-19T20:30:00,0.833,0.0,0.359,0.161,0.24,0.073
2011-04-19T20:45:00,0.785,0.0,0.355,0.115,0.244,0.071
2011-04-19T21:00:00,0.868,0.0,0.357,0.188,0.236,0.087
2011-04-19T21:15:00,0.887,0.0,0.35,0.136,0.283,0.118
2011-04-19T21:30:00,0.833,0.0,0.366,0.124,0.252,0.091
2011-04-19T21:45:00,0.895,0.0,0.361,0.164,0.243,0.127
2011-04-19T22:00:00,0.873,0.0,0.343,0.199,0.243,0.088
2011-04-19T22:15:00,1.173,0.475,0.334,0.117,0.208,0.039
2011-04-19T22:30:00,0.767,0.0,0.322,0.157,0.186,0.102
2011-04-19T22:45:00,0.803,0.0,0.305,0.245,0.188,0.065
2011-04-19T23:00:00,0.591,0.0,0.272,0.122,0.165,0.032
2011-04-19T23:15:00,0.686,0.0,0.275,0.138,0.163,0.11
2011-04-19T23:30:00,0.676,0.0,0.239,0.189,0.169,0.079
2011-04-19T23:45:00,0.509,0.0,0.152,0.148,0.183,0.026
2011-04-20T00:00:00,0.323,0.0,0.01,0.171,0.1,0.042
2011-04-20T00:15:00,0.414,0.0,0.01,0.196,0.115,0.093
2011-04-20T00:30:00,0.34,0.0,0.046,0.13,0.113,0.051
2011-04-20T00:45:00,0.857,0.491,0.018,0.141,0.106,0.101
2011-04-20T01:00:00,0.469,0.0,0.054,0.209,0.103,0.103
2011-04-20T01:15:00,0.293,0.0,0.011,0.154,0.053,0.075
2011-04-20T01:30:00,0.306,0.0,0.01,0.113,0.089,0.094
2011-04-20T01:45:00,0.327,0.0,0.01,0.158,0.078,0.081
2011-04-20T02:00:00,0.407,0.0,0.01,0.185,0.125,0.087
2011-04-20T02:15:00,0.391,0.0,0.022,0.128,0.086,0.155
2011-04-20T02:30:00,0.448,0.0,0.071,0.186,0.126,0.065
2011-04-20T02:45:00,0.409,0.0,0.044,0.218,0.051,0.096
2011-04-20T03:00:00,0.382,0.0,0.033,0.133,0.106,0.11
2011-04-20T03:15:00,0.695,0.313,0.016,0.133,0.107,0.126
2011-04-20T03:30:00,0.4,0.0,0.023,0.196,0.093,0.088
2011-04-20T03:45:00,0.744,0.364,0.014,0.174,0.085,0.107
2011-04-20T04:00:00,0.353,0.0,0.022,0.126,0.104,0.101
2011-04-20T04:15:00,0.414,0.0,0.034,0.181,0.124,0.075
2011-04-20T04:30:00,0.381,0.0,0.043,0.166,0.083,0.089
2011-04-20T04:45:00,0.312,0.0,0.023,0.119,0.086,0.084
2011-04-20T05:00:00,0.392,0.0,0.043,0.179,0.095,0.075
2011-04-20T05:15:00,0.395,0.0,0.029,0.201,0.082,0.083
2011-04-20T05:30:00,0.287,0.0,0.022,0.135,0.11,0.02
2011-04-20T05:45:00,0.421,0.0,0.039,0.137,0.118,0.127
2011-04-20T06:00:00,1.06,0.636,0.02,0.222,0.105,0.077
2011-04-20T06:15:00,0.366,0.0,0.032,0.168,0.096,0.07
2011-04-20T06:30:00,0.325,0.0,0.03,0.099,0.1,0.096
2011-04-20T06:45:00,0.368,0.0,0.051,0.202,0.052,0.063
2011-04-20T07:00:00,0.388,0.0,0.028,0.185,0.072,0.103
2011-04-20T07:15:00,0.269,0.0,0.037,0.113,0.057,0.062
2011-04-20T07:30:00,0.412,0.0,0.01,0.173,0.113,0.116
2011-04-20T07:45:00,1.081,0.695,0.025,0.18,0.065,0.116
2011-04-20T08:00:00,1.745,0.0,0.056,1.514,0.094,0.081
2011-04-20T08:15:00,0.37,0.0,0.057,0.114,0.124,0.075
2011-04-20T08:30:00,0.409,0.0,0.044,0.199,0.108,0.058
2011-04-20T08:45:00,0.348,0.0,0.019,0.178,0.093,0.058
2011-04-20T09:00:00,0.305,0.0,0.014,0.13,0.076,0.085
2011-04-20T09:15:00,0.607,0.319,0.014,0.177,0.077,0.02
2011-04-20T09:30:00,0.388,0.0,0.019,0.174,0.095,0.1
2011-04-20T09:45:00,0.727,0.389,0.037,0.09,0.098,0.113
2011-04-20T10:00:00,0.335,0.0,0.016,0.147,0.087,0.085
2011-04-20T10:15:00,0.401,0.0,0.01,0.232,0.07,0.089
2011-04-20T10:30:00,0.274,0.0,0.01,0.133,0.058,0.073
2011-04-20T10:45:00,0.241,0.0,0.015,0.116,0.084,0.026
2011-04-20T11:00:00,0.407,0.0,0.01,0.206,0.077,0.114
2011-04-20T11:15:00,0.321,0.0,0.01,0.14,0.116,0.055
2011-04-20T11:30:00,1.586,1.3,0.01,0.111,0.122,0.043
2011-04-20T11:45:00,0.379,0.0,0.023,0.2,0.053,0.103
2011-04-20T12:00:00,2.447,2.06,0.063,0.168,0.096,0.06
2011-04-20T12:15:00,3.294,1.966,0.046,1.0699999999999998,0.146,0.066
2011-04-20T12:30:00,1.135,0.0,0.034,0.897,0.124,0.08
2011-04-20T12:45:00,3.405,2.025,0.01,1.203,0.089,0.078
2011-04-20T13:00:00,3.115,1.396,0.02,1.496,0.119,0.084
2011-04-20T13:15:00,2.321,1.926,0.043,0.145,0.104,0.103
2011-04-20T13:30:00,2.485,2.028,0.056,0.193,0.109,0.099
2011-04-20T13:45:00,0.353,0.0,0.01,0.144,0.143,0.056
2011-04-20T14:00:00,0.731,0.379,0.058,0.145,0.095,0.054
2011-04-20T14:15:00,1.891,1.5,0.028,0.17,0.14,0.053
2011-04-20T14:30:00,2.017,1.658,0.05,0.177,0.109,0.023
2011-04-20T14:45:00,1.822,1.487,0.021,0.109,0.14,0.065
2011-04-20T15:00:00,2.427,2.055,0.033,0.161,0.136,0.042
2011-04-20T15:15:00,1.71,1.239,0.011,0.227,0.149,0.084
2011-04-20T15:30:00,2.14,1.679,0.04,0.143,0.209,0.069
2011-04-20T15:45:00,1.895,1.404,0.073,0.151,0.154,0.113
2011-04-20T16:00:00,1.853,1.275,0.073,0.219,0.213,0.073
2011-04-20T16:15:00,1.226,0.734,0.07,0.164,0.176,0.082
2011-04-20T16:30:00,0.411,0.0,0.047,0.092,0.202,0.07
2011-04-20T16:45:00,2.513,1.979,0.072,0.192,0.237,0.033
2011-04-20T17:00:00,2.392,1.855,0.082,0.178,0.223,0.054
2011-04-20T17:15:00,0.51,0.0,0.123,0.102,0.235,0.05
2011-04-20T17:30:00,2.164,1.536,0.162,0.156,0.236,0.074
2011-04-20T17:45:00,2.801,2.098,0.149,0.239,0.243,0.072
2011-04-20T18:00:00,2.215,1.503,0.194,0.146,0.265,0.107
2011-04-20T18:15:00,1.409,0.682,0.256,0.146,0.266,0.059
2011-04-20T18:30:00,2.688,1.911,0.29,0.191,0.241,0.055
2011-04-20T18:45:00,1.782,0.0,0.27,1.152,0.272,0.088
2011-04-20T19:00:00,0.723,0.0,0.314,0.109,0.266,0.034
2011-04-20T19:15:00,1.607,0.0,0.358,0.835,0.276,0.138
2011-04-20T19:30:00,2.171,0.0,0.371,1.4,0.273,0.127
2011-04-20T19:45:00,0.839,0.0,0.348,0.11,0.272,0.109
2011-04-20T20:00:00,0.839,0.0,0.383,0.162,0.248,0.046
2011-04-20T20:15:00,0.927,0.0,0.373,0.218,0.242,0.094
2011-04-20T20:30:00,0.837,0.0,0.349,0.137,0.269,0.082
2011-04-20T20:45:00,0.836,0.0,0.403,0.143,0.256,0.034
2011-04-20T21:00:00,0.899,0.0,0.36,0.167,0.272,0.1
2011-04-20T21:15:00,0.831,0.0,0.363,0.145,0.263,0.06
2011-04-20T21:30:00,0.765,0.0,0.33,0.11,0.269,0.056
2011-04-20T21:45:00,0.817,0.0,0.345,0.174,0.224,0.074
2011-04-20T22:00:00,0.828,0.0,0.332,0.173,0.217,0.106
2011-04-20T22:15:00,0.681,0.0,0.297,0.08,0.214,0.09
2011-04-20T22:30:00,0.793,0.0,0.325,0.17,0.186,0.112
2011-04-20T22:45:00,0.709,0.0,0.28,0.203,0.206,0.02
2011-04-20T23:00:00,0.692,0.0,0.286,0.117,0.224,0.065
2011-04-20T23:15:00,0.648,0.0,0.231,0.156,0.185,0.076
2011-04-20T23:30:00,0.672,0.0,0.228,0.201,0.185,0.058
2011-04-20T23:45:00,1.082,0.531,0.174,0.173,0.137,0.067
2011-04-21T00:00:00,0.342,0.0,0.026,0.163,0.109,0.044
2011-04-21T00:15:00,0.458,0.0,0.026,0.217,0.097,0.118
2011-04-21T00:30:00,0.275,0.0,0.013,0.1,0.061,0.101
2011-04-21T00:45:00,0.336,0.0,0.02,0.128,0.088,0.1
2011-04-21T01:00:00,0.373,0.0,0.046,0.201,0.076,0.05
2011-04-21T01:15:00,0.415,0.0,0.046,0.17,0.121,0.078
2011-04-21T01:30:00,0.308,0.0,0.027,0.154,0.05,0.077
2011-04-21T01:45:00,0.36,0.0,0.028,0.212,0.079,0.041
2011-04-21T02:00:00,0.386,0.0,0.01,0.209,0.094,0.073
2011-04-21T02:15:00,0.833,0.595,0.02,0.09,0.072,0.056
2011-04-21T02:30:00,0.349,0.0,0.019,0.163,0.117,0.05
2011-04-21T02:45:00,0.382,0.0,0.01,0.204,0.114,0.054
2011-04-21T03:00:00,0.703,0.377,0.054,0.109,0.1,0.063
2011-04-21T03:15:00,0.338,0.0,0.026,0.135,0.081,0.096
2011-04-21T03:30:00,0.442,0.0,0.028,0.223,0.071,0.12
2011-04-21T03:45:00,0.399,0.0,0.046,0.165,0.098,0.09
2011-04-21T04:00:00,0.411,0.0,0.012,0.126,0.101,0.172
2011-04-21T04:15:00,0.392,0.0,0.044,0.21,0.097,0.041
2011-04-21T04:30:00,0.335,0.0,0.01,0.184,0.088,0.053
2011-04-21T04:45:00,0.352,0.0,0.018,0.142,0.099,0.093
2011-04-21T05:00:00,0.361,0.0,0.01,0.147,0.082,0.122
2011-04-21T05:15:00,1.044,0.657,0.055,0.204,0.099,0.029
2011-04-21T05:30:00,0.372,0.0,0.045,0.13,0.098,0.099
2011-04-21T05:45:00,0.281,0.0,0.017,0.124,0.087,0.053
2011-04-21T06:00:00,0.359,0.0,0.03,0.185,0.072,0.072
2011-04-21T06:15:00,1.101,0.77,0.013,0.176,0.079,0.063
2011-04-21T06:30:00,0.698,0.355,0.038,0.14,0.1,0.065
2011-04-21T06:45:00,0.392,0.0,0.045,0.197,0.101,0.049
2011-04-21T07:00:00,1.071,0.602,0.018,0.191,0.109,0.151
2011-04-21T07:15:00,1.696,0.0,0.038,1.4869999999999999,0.088,0.083
2011-04-21T07:30:00,0.319,0.0,0.013,0.167,0.075,0.064
2011-04-21T07:45:00,0.325,0.0,0.023,0.216,0.066,0.02
2011-04-21T08:00:00,0.36,0.0,0.034,0.128,0.093,0.105
2011-04-21T08:15:00,0.393,0.0,0.045,0.122,0.137,0.089
2011-04-21T08:30:00,0.287,0.0,0.017,0.169,0.075,0.026
2011-04-21T08:45:00,0.348,0.0,0.028,0.16,0.096,0.064
2011-04-21T09:00:00,0.323,0.0,0.039,0.134,0.075,0.075
2011-04-21T09:15:00,0.449,0.0,0.045,0.19,0.115,0.099
2011-04-21T09:30:00,0.333,0.0,0.058,0.166,0.089,0.02
2011-04-21T09:45:00,0.33,0.0,0.027,0.1,0.13,0.073
2011-04-21T10:00:00,0.384,0.0,0.069,0.136,0.096,0.083
2011-04-21T10:15:00,0.302,0.0,0.014,0.177,0.086,0.025
2011-04-21T10:30:00,0.379,0.0,0.047,0.153,0.088,0.091
2011-04-21T10:45:00,0.325,0.0,0.062,0.133,0.052,0.078
2011-04-21T11:00:00,0.406,0.0,0.067,0.215,0.09,0.034
2011-04-21T11:15:00,0.333,0.0,0.028,0.127,0.109,0.069
2011-04-21T11:30:00,1.559,1.277,0.01,0.121,0.083,0.068
2011-04-21T11:45:00,0.379,0.0,0.01,0.2,0.096,0.073
2011-04-21T12:00:00,2.359,1.989,0.022,0.208,0.078,0.062
2011-04-21T12:15:00,3.258,1.567,0.01,1.49,0.093,0.098
2011-04-21T12:30:00,1.917,0.623,0.014,1.177,0.083,0.02
2011-04-21T12:45:00,1.782,1.362,0.01,0.227,0.117,0.066
2011-04-21T13:00:00,2.402,1.244,0.037,0.9410000000000001,0.08,0.1
2011-04-21T13:15:00,0.371,0.0,0.053,0.126,0.098,0.094
2011-04-21T13:30:00,2.115,1.624,0.027,0.219,0.168,0.077
2011-04-21T13:45:00,2.481,2.058,0.06,0.186,0.114,0.063
2011-04-21T14:00:00,1.866,1.542,0.024,0.117,0.111,0.072
2011-04-21T14:15:00,2.459,2.073,0.044,0.197,0.104,0.041
2011-04-21T14:30:00,1.8,1.36,0.013,0.203,0.118,0.106
2011-04-21T14:45:00,0.378,0.0,0.037,0.124,0.127,0.09
2011-04-21T15:00:00,2.42,1.988,0.05,0.158,0.167,0.057
2011-04-21T15:15:00,2.342,1.826,0.043,0.209,0.174,0.09
2011-04-21T15:30:00,1.97,1.596,0.059,0.102,0.19,0.023
2011-04-21T15:45:00,0.343,0.0,0.045,0.111,0.141,0.046
2011-04-21T16:00:00,2.236,1.65,0.049,0.247,0.176,0.114
2011-04-21T16:15:00,2.167,1.681,0.057,0.151,0.157,0.121
2011-04-21T16:30:00,2.5,2.007,0.088,0.087,0.261,0.057
2011-04-21T16:45:00,1.949,1.371,0.085,0.21,0.221,0.062
2011-04-21T17:00:00,2.485,1.905,0.104,0.216,0.203,0.057
2011-04-21T17:15:00,2.426,1.926,0.12,0.093,0.219,0.068
2011-04-21T17:30:00,2.544,1.885,0.166,0.161,0.259,0.073
2011-04-21T17:45:00,0.581,0.0,0.126,0.204,0.164,0.087
2011-04-21T18:00:00,2.276,1.622,0.193,0.126,0.224,0.111
2011-04-21T18:15:00,2.747,2.083,0.239,0.118,0.235,0.072
2011-04-21T18:30:00,2.841,2.077,0.271,0.195,0.215,0.083
2011-04-21T18:45:00,1.517,0.784,0.264,0.153,0.273,0.043
2011-04-21T19:00:00,1.494,0.0,0.347,0.883,0.24,0.024
2011-04-21T19:15:00,0.904,0.0,0.337,0.187,0.252,0.128
2011-04-21T19:30:00,1.593,0.0,0.335,0.879,0.277,0.102
2011-04-21T19:45:00,1.528,0.0,0.384,0.82,0.264,0.06
2011-04-21T20:00:00,1.938,0.0,0.381,1.202,0.281,0.074
2011-04-21T20:15:00,0.905,0.0,0.336,0.198,0.298,0.073
2011-04-21T20:30:00,0.843,0.0,0.324,0.118,0.26,0.141
2011-04-21T20:45:00,0.788,0.0,0.352,0.125,0.253,0.058
2011-04-21T21:00:00,0.966,0.0,0.386,0.207,0.275,0.098
2011-04-21T21:15:00,0.781,0.0,0.383,0.139,0.192,0.067
2011-04-21T21:30:00,0.8,0.0,0.369,0.101,0.223,0.107
2011-04-21T21:45:00,0.95,0.0,0.372,0.204,0.232,0.142
2011-04-21T22:00:00,0.802,0.0,0.342,0.177,0.185,0.098
2011-04-21T22:15:00,0.72,0.0,0.357,0.114,0.222,0.027
2011-04-21T22:30:00,0.757,0.0,0.333,0.139,0.226,0.059
2011-04-21T22:45:00,0.777,0.0,0.276,0.226,0.182,0.093
2011-04-21T23:00:00,0.68,0.0,0.267,0.151,0.154,0.108
2011-04-21T23:15:00,0.608,0.0,0.239,0.134,0.165,0.07
2011-04-21T23:30:00,0.643,0.0,0.222,0.209,0.157,0.055
2011-04-21T23:45:00,1.242,0.769,0.154,0.167,0.122,0.03
2011-04-22T00:00:00,0.269,0.0,0.029,0.158,0.05,0.032
2011-04-22T00:15:00,0.444,0.0,0.042,0.197,0.066,0.139
2011-04-22T00:30:00,1.068,0.789,0.02,0.144,0.05,0.065
2011-04-22T00:45:00,0.308,0.0,0.049,0.12,0.078,0.061
2011-04-22T01:00:00,0.422,0.0,0.046,0.214,0.1,0.062
2011-04-22T01:15:00,0.417,0.0,0.019,0.179,0.112,0.107
2011-04-22T01:30:00,0.298,0.0,0.03,0.095,0.123,0.05
2011-04-22T01:45:00,0.416,0.0,0.034,0.187,0.077,0.118
2011-04-22T02:00:00,0.44,0.0,0.03,0.19,0.064,0.156
2011-04-22T02:15:00,0.277,0.0,0.01,0.08,0.09,0.097
2011-04-22T02:30:00,1.022,0.784,0.015,0.153,0.05,0.02
2011-04-22T02:45:00,0.396,0.0,0.066,0.209,0.073,0.048
2011-04-22T03:00:00,0.32,0.0,0.021,0.111,0.104,0.084
2011-04-22T03:15:00,0.367,0.0,0.041,0.146,0.063,0.117
2011-04-22T03:30:00,0.385,0.0,0.02,0.233,0.068,0.064
2011-04-22T03:45:00,0.359,0.0,0.01,0.182,0.077,0.09
2011-04-22T04:00:00,1.098,0.693,0.071,0.144,0.08,0.11
2011-04-22T04:15:00,0.387,0.0,0.013,0.185,0.143,0.046
2011-04-22T04:30:00,0.388,0.0,0.032,0.207,0.078,0.071
2011-04-22T04:45:00,0.905,0.601,0.013,0.118,0.094,0.079
2011-04-22T05:00:00,0.275,0.0,0.021,0.141,0.092,0.021
2011-04-22T05:15:00,0.331,0.0,0.028,0.193,0.083,0.027
2011-04-22T05:30:00,0.321,0.0,0.021,0.125,0.082,0.093
2011-04-22T05:45:00,0.38,0.0,0.039,0.104,0.105,0.132
2011-04-22T06:00:00,1.214,0.734,0.064,0.207,0.101,0.108
2011-04-22T06:15:00,1.101,0.768,0.023,0.16,0.085,0.065
2011-04-22T06:30:00,0.421,0.0,0.055,0.156,0.118,0.092
2011-04-22T06:45:00,0.389,0.0,0.017,0.194,0.097,0.081
2011-04-22T07:00:00,1.0,0.574,0.038,0.21,0.08,0.098
2011-04-22T07:15:00,0.942,0.0,0.018,0.726,0.104,0.094
2011-04-22T07:30:00,0.327,0.0,0.029,0.15,0.108,0.04
2011-04-22T07:45:00,1.785,0.607,0.029,1.052,0.071,0.026
2011-04-22T08:00:00,1.463,0.0,0.056,1.2160000000000002,0.091,0.1
2011-04-22T08:15:00,0.367,0.0,0.044,0.126,0.088,0.109
2011-04-22T08:30:00,0.472,0.0,0.04,0.225,0.142,0.065
2011-04-22T08:45:00,0.381,0.0,0.024,0.179,0.105,0.073
2011-04-22T09:00:00,1.124,0.791,0.048,0.107,0.082,0.096
2011-04-22T09:15:00,0.424,0.0,0.048,0.186,0.099,0.091
2011-04-22T09:30:00,0.397,0.0,0.034,0.177,0.131,0.055
2011-04-22T09:45:00,0.287,0.0,0.019,0.11,0.066,0.092
2011-04-22T10:00:00,0.381,0.0,0.035,0.164,0.108,0.074
2011-04-22T10:15:00,0.371,0.0,0.01,0.199,0.111,0.051
2011-04-22T10:30:00,1.09,0.752,0.051,0.133,0.083,0.071
2011-04-22T10:45:00,0.331,0.0,0.01,0.121,0.113,0.087
2011-04-22T11:00:00,0.468,0.0,0.054,0.228,0.085,0.101
2011-04-22T11:15:00,0.381,0.0,0.012,0.163,0.1,0.106
2011-04-22T11:30:00,0.621,0.337,0.017,0.104,0.109,0.054
2011-04-22T11:45:00,1.627,1.232,0.021,0.211,0.085,0.078
2011-04-22T12:00:00,1.595,1.24,0.044,0.163,0.091,0.057
2011-04-22T12:15:00,1.9,1.549,0.02,0.11,0.113,0.108
2011-04-22T12:30:00,2.656,1.439,0.048,0.9870000000000001,0.088,0.094
2011-04-22T12:45:00,1.687,0.5,0.052,0.989,0.064,0.082
2011-04-22T13:00:00,2.982,1.803,0.05,1.011,0.073,0.045
2011-04-22T13:15:00,1.946,1.552,0.011,0.13,0.131,0.122
2011-04-22T13:30:00,2.281,1.838,0.057,0.223,0.105,0.058
2011-04-22T13:45:00,0.37,0.0,0.019,0.171,0.124,0.056
2011-04-22T14:00:00,1.994,1.605,0.074,0.129,0.104,0.082
2011-04-22T14:15:00,2.059,1.687,0.023,0.174,0.074,0.101
2011-04-22T14:30:00,2.046,1.63,0.01,0.206,0.111,0.089
2011-04-22T14:45:00,2.355,2.038,0.053,0.099,0.106,0.059
2011-04-22T15:00:00,1.669,1.299,0.029,0.141,0.139,0.061
2011-04-22T15:15:00,1.746,1.27,0.014,0.207,0.168,0.087
2011-04-22T15:30:00,2.013,1.62,0.018,0.13,0.156,0.089
2011-04-22T15:45:00,0.441,0.0,0.075,0.15,0.138,0.078
2011-04-22T16:00:00,0.476,0.0,0.043,0.204,0.171,0.058
2011-04-22T16:15:00,2.219,1.755,0.046,0.165,0.195,0.058
2011-04-22T16:30:00,2.42,2.003,0.067,0.097,0.203,0.05
2011-04-22T16:45:00,0.575,0.0,0.086,0.171,0.202,0.116
2011-04-22T17:00:00,2.374,1.857,0.07,0.184,0.217,0.046
2011-04-22T17:15:00,1.823,1.234,0.121,0.121,0.25,0.097
2011-04-22T17:30:00,2.684,2.046,0.127,0.199,0.243,0.069
2011-04-22T17:45:00,2.549,1.936,0.172,0.192,0.219,0.03
2011-04-22T18:00:00,2.556,1.856,0.207,0.158,0.222,0.113
2011-04-22T18:15:00,2.255,1.511,0.303,0.126,0.262,0.053
2011-04-22T18:30:00,1.436,0.549,0.293,0.229,0.271,0.094
2011-04-22T18:45:00,0.846,0.0,0.352,0.138,0.282,0.074
2011-04-22T19:00:00,1.907,0.0,0.31,1.233,0.265,0.099
2011-04-22T19:15:00,1.835,0.0,0.353,1.163,0.268,0.051
2011-04-22T19:30:00,2.035,0.0,0.351,1.329,0.266,0.089
2011-04-22T19:45:00,0.871,0.0,0.386,0.108,0.254,0.123
2011-04-22T20:00:00,2.378,0.751,0.321,1.009,0.234,0.063
2011-04-22T20:15:00,0.964,0.0,0.339,0.21,0.274,0.141
2011-04-22T20:30:00,0.778,0.0,0.334,0.102,0.245,0.097
2011-04-22T20:45:00,0.794,0.0,0.387,0.112,0.275,0.02
2011-04-22T21:00:00,0.883,0.0,0.352,0.194,0.24,0.097
2011-04-22T21:15:00,0.778,0.0,0.373,0.118,0.222,0.065
2011-04-22T21:30:00,0.81,0.0,0.368,0.092,0.245,0.105
2011-04-22T21:45:00,0.896,0.0,0.35,0.201,0.227,0.118
2011-04-22T22:00:00,0.851,0.0,0.365,0.194,0.199,0.093
2011-04-22T22:15:00,0.648,0.0,0.329,0.098,0.176,0.045
2011-04-22T22:30:00,0.784,0.0,0.336,0.174,0.211,0.063
2011-04-22T22:45:00,0.789,0.0,0.281,0.207,0.18,0.121
2011-04-22T23:00:00,0.643,0.0,0.277,0.116,0.187,0.063
2011-04-22T23:15:00,0.653,0.0,0.251,0.14,0.174,0.088
2011-04-22T23:30:00,0.645,0.0,0.174,0.228,0.17,0.073
2011-04-22T23:45:00,0.496,0.0,0.176,0.155,0.145,0.02
2011-04-23T00:00:00,0.336,0.0,0.024,0.171,0.096,0.045
2011-04-23T00:15:00,0.407,0.0,0.014,0.212,0.075,0.106
2011-04-23T00:30:00,0.409,0.0,0.079,0.135,0.119,0.076
2011-04-23T00:45:00,0.355,0.0,0.048,0.112,0.082,0.113
2011-04-23T01:00:00,0.378,0.0,0.053,0.187,0.115,0.023
2011-04-23T01:15:00,0.378,0.0,0.067,0.143,0.094,0.074
2011-04-23T01:30:00,0.395,0.0,0.044,0.117,0.106,0.128
2011-04-23T01:45:00,0.448,0.0,0.019,0.188,0.123,0.118
2011-04-23T02:00:00,0.414,0.0,0.059,0.187,0.077,0.091
2011-04-23T02:15:00,0.36,0.0,0.011,0.132,0.11,0.107
2011-04-23T02:30:00,0.418,0.0,0.01,0.183,0.081,0.144
2011-04-23T02:45:00,0.39,0.0,0.037,0.179,0.099,0.075
2011-04-23T03:00:00,0.886,0.559,0.044,0.098,0.086,0.099
2011-04-23T03:15:00,0.286,0.0,0.016,0.124,0.096,0.05
2011-04-23T03:30:00,0.387,0.0,0.021,0.214,0.067,0.085
2011-04-23T03:45:00,0.34,0.0,0.015,0.169,0.103,0.053
2011-04-23T04:00:00,0.313,0.0,0.039,0.108,0.074,0.092
2011-04-23T04:15:00,0.36,0.0,0.03,0.157,0.1,0.073
2011-04-23T04:30:00,1.159,0.688,0.022,0.218,0.092,0.139
2011-04-23T04:45:00,0.268,0.0,0.028,0.102,0.086,0.052
2011-04-23T05:00:00,0.456,0.0,0.051,0.165,0.109,0.131
2011-04-23T05:15:00,0.415,0.0,0.028,0.208,0.116,0.063
2011-04-23T05:30:00,0.351,0.0,0.027,0.126,0.122,0.076
2011-04-23T05:45:00,0.325,0.0,0.023,0.147,0.05,0.105
2011-04-23T06:00:00,0.422,0.0,0.061,0.227,0.114,0.02
2011-04-23T06:15:00,0.406,0.0,0.041,0.139,0.094,0.132
2011-04-23T06:30:00,0.244,0.0,0.054,0.08,0.09,0.02
2011-04-23T06:45:00,0.45,0.0,0.036,0.179,0.13,0.105
2011-04-23T07:00:00,0.412,0.0,0.01,0.195,0.123,0.084
2011-04-23T07:15:00,0.734,0.379,0.022,0.117,0.125,0.091
2011-04-23T07:30:00,1.75,0.0,0.033,1.53,0.083,0.104
2011-04-23T07:45:00,2.254,0.674,0.055,1.3310000000000002,0.11,0.084
2011-04-23T08:00:00,0.311,0.0,0.01,0.146,0.052,0.103
2011-04-23T08:15:00,0.344,0.0,0.044,0.124,0.073,0.103
2011-04-23T08:30:00,0.441,0.0,0.053,0.187,0.084,0.117
2011-04-23T08:45:00,0.883,0.537,0.01,0.148,0.087,0.101
2011-04-23T09:00:00,0.33,0.0,0.01,0.13,0.072,0.118
2011-04-23T09:15:00,0.458,0.0,0.093,0.179,0.124,0.062
2011-04-23T09:30:00,0.385,0.0,0.029,0.207,0.091,0.058
2011-04-23T09:45:00,0.26,0.0,0.016,0.123,0.07,0.051
2011-04-23T10:00:00,0.347,0.0,0.033,0.193,0.068,0.053
2011-04-23T10:15:00,0.408,0.0,0.05,0.207,0.096,0.055
2011-04-23T10:30:00,0.269,0.0,0.015,0.096,0.086,0.072
2011-04-23T10:45:00,0.342,0.0,0.058,0.161,0.103,0.02
2011-04-23T11:00:00,0.341,0.0,0.01,0.208,0.082,0.041
2011-04-23T11:15:00,0.372,0.0,0.028,0.158,0.105,0.081
2011-04-23T11:30:00,2.113,1.73,0.031,0.134,0.117,0.101
2011-04-23T11:45:00,1.987,1.611,0.06,0.184,0.078,0.054
2011-04-23T12:00:00,0.368,0.0,0.027,0.173,0.11,0.058
2011-04-23T12:15:00,2.474,1.562,0.028,0.71,0.101,0.073
2011-04-23T12:30:00,1.747,0.0,0.024,1.5350000000000001,0.105,0.083
2011-04-23T12:45:00,1.583,1.213,0.01,0.202,0.073,0.085
2011-04-23T13:00:00,1.28,0.0,0.02,1.06,0.122,0.078
2011-04-23T13:15:00,0.428,0.0,0.075,0.116,0.127,0.11
2011-04-23T13:30:00,1.886,1.532,0.027,0.196,0.073,0.058
2011-04-23T13:45:00,2.095,1.701,0.046,0.139,0.123,0.086
2011-04-23T14:00:00,0.47,0.0,0.024,0.141,0.197,0.108
2011-04-23T14:15:00,1.908,1.41,0.036,0.215,0.118,0.129
2011-04-23T14:30:00,0.503,0.0,0.026,0.185,0.149,0.143
2011-04-23T14:45:00,2.036,1.699,0.016,0.099,0.134,0.088
2011-04-23T15:00:00,1.954,1.625,0.042,0.133,0.108,0.046
2011-04-23T15:15:00,1.999,1.409,0.02,0.229,0.171,0.17
2011-04-23T15:30:00,1.786,1.392,0.058,0.14,0.176,0.02
2011-04-23T15:45:00,2.56,2.094,0.055,0.14,0.167,0.104
2011-04-23T16:00:00,0.503,0.0,0.031,0.202,0.176,0.094
2011-04-23T16:15:00,1.861,1.378,0.039,0.178,0.154,0.112
2011-04-23T16:30:00,2.02,1.501,0.088,0.113,0.235,0.083
2011-04-23T16:45:00,2.013,1.392,0.098,0.171,0.256,0.096
2011-04-23T17:00:00,2.669,2.09,0.086,0.176,0.214,0.103
2011-04-23T17:15:00,1.891,1.337,0.112,0.116,0.238,0.088
2011-04-23T17:30:00,1.837,1.276,0.136,0.139,0.195,0.091
2011-04-23T17:45:00,0.726,0.0,0.2,0.215,0.235,0.076
2011-04-23T18:00:00,0.696,0.0,0.221,0.116,0.259,0.1
2011-04-23T18:15:00,2.11,1.394,0.247,0.123,0.239,0.107
2011-04-23T18:30:00,0.78,0.0,0.249,0.199,0.243,0.089
2011-04-23T18:45:00,0.703,0.0,0.273,0.155,0.244,0.031
2011-04-23T19:00:00,0.771,0.0,0.335,0.12,0.261,0.055
2011-04-23T19:15:00,0.927,0.0,0.366,0.169,0.303,0.089
2011-04-23T19:30:00,0.805,0.0,0.291,0.179,0.28,0.055
2011-04-23T19:45:00,2.069,0.0,0.323,1.341,0.251,0.154
2011-04-23T20:00:00,1.954,0.0,0.374,1.2249999999999999,0.27,0.085
2011-04-23T20:15:00,1.486,0.525,0.361,0.192,0.293,0.115
2011-04-23T20:30:00,0.831,0.0,0.349,0.133,0.249,0.1
2011-04-23T20:45:00,0.854,0.0,0.383,0.137,0.246,0.088
2011-04-23T21:00:00,0.915,0.0,0.342,0.237,0.267,0.069
2011-04-23T21:15:00,1.578,0.717,0.384,0.153,0.243,0.081
2011-04-23T21:30:00,0.814,0.0,0.353,0.133,0.249,0.079
2011-04-23T21:45:00,0.875,0.0,0.388,0.181,0.231,0.075
2011-04-23T22:00:00,0.874,0.0,0.342,0.179,0.218,0.135
2011-04-23T22:15:00,0.774,0.0,0.352,0.122,0.273,0.027
2011-04-23T22:30:00,0.687,0.0,0.307,0.175,0.185,0.02
2011-04-23T22:45:00,0.725,0.0,0.274,0.224,0.184,0.043
2011-04-23T23:00:00,0.619,0.0,0.256,0.138,0.192,0.033
2011-04-23T23:15:00,0.661,0.0,0.239,0.133,0.186,0.103
2011-04-23T23:30:00,0.606,0.0,0.174,0.234,0.157,0.041
2011-04-23T23:45:00,0.574,0.0,0.195,0.153,0.142,0.084
2011-04-24T00:00:00,1.053,0.684,0.029,0.147,0.091,0.102
2011-04-24T00:15:00,0.391,0.0,0.01,0.198,0.084,0.099
2011-04-24T00:30:00,0.338,0.0,0.01,0.111,0.101,0.116
2011-04-24T00:45:00,0.275,0.0,0.01,0.12,0.065,0.08
2011-04-24T01:00:00,0.414,0.0,0.01,0.231,0.084,0.089
2011-04-24T01:15:00,0.368,0.0,0.034,0.135,0.099,0.1
2011-04-24T01:30:00,0.319,0.0,0.026,0.139,0.103,0.051
2011-04-24T01:45:00,0.36,0.0,0.038,0.166,0.089,0.067
2011-04-24T02:00:00,0.374,0.0,0.016,0.205,0.106,0.047
2011-04-24T02:15:00,0.229,0.0,0.049,0.08,0.05,0.05
2011-04-24T02:30:00,0.374,0.0,0.016,0.186,0.09,0.082
2011-04-24T02:45:00,0.411,0.0,0.014,0.197,0.075,0.125
2011-04-24T03:00:00,0.398,0.0,0.039,0.133,0.102,0.124
2011-04-24T03:15:00,0.294,0.0,0.01,0.129,0.1,0.055
2011-04-24T03:30:00,0.495,0.0,0.048,0.202,0.125,0.12
2011-04-24T03:45:00,0.336,0.0,0.06,0.183,0.073,0.02
2011-04-24T04:00:00,0.313,0.0,0.049,0.129,0.054,0.081
2011-04-24T04:15:00,0.43,0.0,0.013,0.188,0.118,0.111
2011-04-24T04:30:00,0.351,0.0,0.02,0.196,0.091,0.044
2011-04-24T04:45:00,0.366,0.0,0.042,0.127,0.083,0.114
2011-04-24T05:00:00,0.385,0.0,0.026,0.155,0.106,0.098
2011-04-24T05:15:00,0.387,0.0,0.058,0.22,0.052,0.057
2011-04-24T05:30:00,0.335,0.0,0.058,0.147,0.078,0.052
2011-04-24T05:45:00,0.386,0.0,0.053,0.122,0.091,0.12
2011-04-24T06:00:00,0.432,0.0,0.062,0.19,0.089,0.091
2011-04-24T06:15:00,0.395,0.0,0.013,0.165,0.093,0.124
2011-04-24T06:30:00,0.322,0.0,0.018,0.099,0.105,0.1
2011-04-24T06:45:00,0.462,0.0,0.042,0.196,0.091,0.133
2011-04-24T07:00:00,0.38,0.0,0.066,0.185,0.075,0.054
2011-04-24T07:15:00,1.012,0.0,0.012,0.843,0.076,0.081
2011-04-24T07:30:00,1.074,0.0,0.026,0.895,0.098,0.055
2011-04-24T07:45:00,0.5,0.0,0.04,0.239,0.117,0.104
2011-04-24T08:00:00,1.64,0.0,0.028,1.395,0.086,0.131
2011-04-24T08:15:00,0.335,0.0,0.01,0.139,0.127,0.059
2011-04-24T08:30:00,0.371,0.0,0.019,0.198,0.082,0.072
2011-04-24T08:45:00,0.338,0.0,0.021,0.145,0.082,0.09
2011-04-24T09:00:00,0.264,0.0,0.023,0.12,0.091,0.03
2011-04-24T09:15:00,0.445,0.0,0.01,0.209,0.136,0.09
2011-04-24T09:30:00,0.383,0.0,0.025,0.203,0.078,0.077
2011-04-24T09:45:00,0.303,0.0,0.01,0.11,0.073,0.11
2011-04-24T10:00:00,0.379,0.0,0.012,0.152,0.112,0.103
2011-04-24T10:15:00,0.393,0.0,0.019,0.225,0.103,0.046
2011-04-24T10:30:00,0.363,0.0,0.029,0.135,0.071,0.128
2011-04-24T10:45:00,0.355,0.0,0.045,0.104,0.1,0.106
2011-04-24T11:00:00,0.471,0.0,0.018,0.231,0.11,0.112
2011-04-24T11:15:00,0.421,0.0,0.04,0.127,0.093,0.161
2011-04-24T11:30:00,0.32,0.0,0.024,0.101,0.103,0.092
2011-04-24T11:45:00,0.392,0.0,0.01,0.183,0.098,0.101
2011-04-24T12:00:00,2.407,1.977,0.033,0.199,0.089,0.109
2011-04-24T12:15:00,1.541,1.236,0.039,0.104,0.081,0.081
2011-04-24T12:30:00,1.719,0.0,0.059,1.5,0.102,0.058
2011-04-24T12:45:00,1.252,0.0,0.029,1.037,0.099,0.087
2011-04-24T13:00:00,2.741,1.783,0.036,0.768,0.085,0.069
2011-04-24T13:15:00,2.228,1.861,0.053,0.126,0.112,0.076
2011-04-24T13:30:00,2.179,1.707,0.034,0.239,0.094,0.105
2011-04-24T13:45:00,0.375,0.0,0.01,0.164,0.113,0.088
2011-04-24T14:00:00,0.344,0.0,0.018,0.105,0.149,0.072
2011-04-24T14:15:00,0.398,0.0,0.046,0.183,0.097,0.072
2011-04-24T14:30:00,2.413,1.971,0.03,0.179,0.119,0.114
2011-04-24T14:45:00,2.043,1.668,0.042,0.122,0.136,0.075
2011-04-24T15:00:00,1.911,1.511,0.056,0.156,0.131,0.057
2011-04-24T15:15:00,2.377,1.927,0.041,0.205,0.162,0.042
2011-04-24T15:30:00,2.179,1.801,0.041,0.121,0.143,0.073
2011-04-24T15:45:00,1.84,1.423,0.039,0.158,0.135,0.085
2011-04-24T16:00:00,0.496,0.0,0.052,0.179,0.158,0.107
2011-04-24T16:15:00,2.351,1.839,0.052,0.155,0.181,0.124
2011-04-24T16:30:00,0.483,0.0,0.074,0.118,0.23,0.061
2011-04-24T16:45:00,0.599,0.0,0.072,0.194,0.222,0.111
2011-04-24T17:00:00,2.115,1.504,0.095,0.19,0.187,0.139
2011-04-24T17:15:00,0.497,0.0,0.075,0.124,0.205,0.093
2011-04-24T17:30:00,1.836,1.238,0.14,0.164,0.238,0.056
2011-04-24T17:45:00,2.273,1.58,0.156,0.205,0.259,0.073
2011-04-24T18:00:00,1.033,0.394,0.192,0.115,0.228,0.104
2011-04-24T18:15:00,0.657,0.0,0.232,0.136,0.258,0.031
2011-04-24T18:30:00,2.625,1.83,0.262,0.191,0.243,0.099
2011-04-24T18:45:00,1.783,0.0,0.313,1.1309999999999998,0.257,0.082
2011-04-24T19:00:00,1.295,0.533,0.324,0.127,0.256,0.055
2011-04-24T19:15:00,1.883,0.0,0.33,1.138,0.292,0.123
2011-04-24T19:30:00,0.812,0.0,0.327,0.182,0.245,0.058
2011-04-24T19:45:00,1.822,0.0,0.313,1.1179999999999999,0.25,0.141
2011-04-24T20:00:00,1.72,0.0,0.362,0.991,0.284,0.083
2011-04-24T20:15:00,0.945,0.0,0.403,0.203,0.25,0.089
2011-04-24T20:30:00,0.778,0.0,0.343,0.128,0.272,0.035
2011-04-24T20:45:00,0.795,0.0,0.39,0.134,0.228,0.043
2011-04-24T21:00:00,0.811,0.0,0.359,0.206,0.226,0.02
2011-04-24T21:15:00,0.838,0.0,0.351,0.168,0.251,0.068
2011-04-24T21:30:00,0.899,0.0,0.392,0.15,0.237,0.12
2011-04-24T21:45:00,1.555,0.717,0.37,0.204,0.203,0.061
2011-04-24T22:00:00,0.84,0.0,0.334,0.197,0.221,0.088
2011-04-24T22:15:00,1.537,0.739,0.341,0.114,0.24,0.103
2011-04-24T22:30:00,0.733,0.0,0.298,0.166,0.217,0.052
2011-04-24T22:45:00,0.843,0.0,0.315,0.22,0.209,0.099
2011-04-24T23:00:00,1.334,0.643,0.299,0.138,0.165,0.089
2011-04-24T23:15:00,0.651,0.0,0.222,0.149,0.176,0.104
2011-04-24T23:30:00,1.027,0.331,0.234,0.224,0.172,0.066
2011-04-24T23:45:00,0.551,0.0,0.167,0.157,0.133,0.094
